-- =======================================
-- Comandos DDL SQL poblar las tablas
-- Proveedores, Partes y Catalogo
-- =======================================

-- Tabla: Proveedores
INSERT INTO Proveedores (sid, sname, addres) VALUES
(101, 'Yosemite Sham', '221 Packer Street'),
(102, 'Red Parts Co.', 'Av. Rojiza 88, Puebla'),
(103, 'Green Supplier', 'Calle Verde 21, Oaxaca'),
(104, 'DualColor Inc.', 'Av. Colores 77, CDMX'),
(105, 'Packer Ltd.', '221 Packer Street'),
(1, 'Proveedor 1', 'Calle 1 #101, Ciudad 1'),
(2, 'Proveedor 2', 'Calle 2 #102, Ciudad 2'),
(3, 'Proveedor 3', 'Calle 3 #103, Ciudad 3'),
(4, 'Proveedor 4', 'Calle 4 #104, Ciudad 4'),
(5, 'Proveedor 5', 'Calle 5 #105, Ciudad 5'),
(6, 'Proveedor 6', 'Calle 6 #106, Ciudad 6'),
(7, 'Proveedor 7', 'Calle 7 #107, Ciudad 7'),
(8, 'Proveedor 8', 'Calle 8 #108, Ciudad 8'),
(9, 'Proveedor 9', 'Calle 9 #109, Ciudad 9'),
(10, 'Proveedor 10', 'Calle 10 #110, Ciudad 10'),
(11, 'Proveedor 11', 'Calle 11 #111, Ciudad 11'),
(12, 'Proveedor 12', 'Calle 12 #112, Ciudad 12'),
(13, 'Proveedor 13', 'Calle 13 #113, Ciudad 13'),
(14, 'Proveedor 14', 'Calle 14 #114, Ciudad 14'),
(15, 'Proveedor 15', 'Calle 15 #115, Ciudad 15'),
(16, 'Proveedor 16', 'Calle 16 #116, Ciudad 16'),
(17, 'Proveedor 17', 'Calle 17 #117, Ciudad 17'),
(18, 'Proveedor 18', 'Calle 18 #118, Ciudad 18'),
(19, 'Proveedor 19', 'Calle 19 #119, Ciudad 19'),
(20, 'Proveedor 20', 'Calle 20 #120, Ciudad 20'),
(21, 'Proveedor 21', 'Calle 21 #121, Ciudad 21'),
(22, 'Proveedor 22', 'Calle 22 #122, Ciudad 22'),
(23, 'Proveedor 23', 'Calle 23 #123, Ciudad 23'),
(24, 'Proveedor 24', 'Calle 24 #124, Ciudad 24'),
(25, 'Proveedor 25', 'Calle 25 #125, Ciudad 25'),
(26, 'Proveedor 26', 'Calle 26 #126, Ciudad 26'),
(27, 'Proveedor 27', 'Calle 27 #127, Ciudad 27'),
(28, 'Proveedor 28', 'Calle 28 #128, Ciudad 28'),
(29, 'Proveedor 29', 'Calle 29 #129, Ciudad 29'),
(30, 'Proveedor 30', 'Calle 30 #130, Ciudad 30'),
(31, 'Proveedor 31', 'Calle 31 #131, Ciudad 31'),
(32, 'Proveedor 32', 'Calle 32 #132, Ciudad 32'),
(33, 'Proveedor 33', 'Calle 33 #133, Ciudad 33'),
(34, 'Proveedor 34', 'Calle 34 #134, Ciudad 34'),
(35, 'Proveedor 35', 'Calle 35 #135, Ciudad 35'),
(36, 'Proveedor 36', 'Calle 36 #136, Ciudad 36'),
(37, 'Proveedor 37', 'Calle 37 #137, Ciudad 37'),
(38, 'Proveedor 38', 'Calle 38 #138, Ciudad 38'),
(39, 'Proveedor 39', 'Calle 39 #139, Ciudad 39'),
(40, 'Proveedor 40', 'Calle 40 #140, Ciudad 40'),
(41, 'Proveedor 41', 'Calle 41 #141, Ciudad 41'),
(42, 'Proveedor 42', 'Calle 42 #142, Ciudad 42'),
(43, 'Proveedor 43', 'Calle 43 #143, Ciudad 43'),
(44, 'Proveedor 44', 'Calle 44 #144, Ciudad 44'),
(45, 'Proveedor 45', 'Calle 45 #145, Ciudad 45');

-- Tabla: Parts
INSERT INTO Partes (pid, pname, color) VALUES
(1, 'Parte1', 'gris'),
(2, 'Parte2', 'rojo'),
(3, 'Parte3', 'rojo'),
(4, 'Parte4', 'gris'),
(5, 'Parte5', 'azul'),
(6, 'Parte6', 'verde'),
(7, 'Parte7', 'verde'),
(8, 'Parte8', 'verde'),
(9, 'Parte9', 'gris'),
(10, 'Parte10', 'rojo'),
(11, 'Parte11', 'gris'),
(12, 'Parte12', 'gris'),
(13, 'Parte13', 'blanco'),
(14, 'Parte14', 'rojo'),
(15, 'Parte15', 'blanco'),
(16, 'Parte16', 'negro'),
(17, 'Parte17', 'rojo'),
(18, 'Parte18', 'rojo'),
(19, 'Parte19', 'rojo'),
(20, 'Parte20', 'verde'),
(21, 'Parte21', 'verde'),
(22, 'Parte22', 'blanco'),
(23, 'Parte23', 'blanco'),
(24, 'Parte24', 'rojo'),
(25, 'Parte25', 'blanco'),
(26, 'Parte26', 'verde'),
(27, 'Parte27', 'gris'),
(28, 'Parte28', 'gris'),
(29, 'Parte29', 'gris'),
(30, 'Parte30', 'blanco'),
(31, 'Parte31', 'negro'),
(32, 'Parte32', 'verde'),
(33, 'Parte33', 'negro'),
(34, 'Parte34', 'blanco'),
(35, 'Parte35', 'azul'),
(36, 'Parte36', 'amarillo'),
(37, 'Parte37', 'amarillo'),
(38, 'Parte38', 'rojo'),
(39, 'Parte39', 'amarillo'),
(40, 'Parte40', 'amarillo'),
(41, 'Parte41', 'verde'),
(42, 'Parte42', 'gris'),
(43, 'Parte43', 'negro'),
(44, 'Parte44', 'azul'),
(45, 'Parte45', 'azul'),
(46, 'Parte46', 'verde'),
(47, 'Parte47', 'verde'),
(48, 'Parte48', 'amarillo'),
(49, 'Parte49', 'azul'),
(50, 'Parte50', 'rojo');

-- Tabla: Catalog
INSERT INTO Catalogo (sid, pid, cost) VALUES
(1, 49, 16.54),
(2, 9, 69.79),
(2, 16, 51.94),
(2, 23, 196.13),
(2, 25, 73.1),
(2, 41, 78.12),
(2, 43, 110.61),
(2, 48, 140.54),
(3, 10, 158.72),
(3, 17, 48.75),
(3, 30, 37.67),
(3, 44, 221.77),
(4, 16, 187.52),
(5, 24, 191.82),
(6, 17, 134.28),
(6, 29, 209.27),
(6, 30, 5.8),
(7, 18, 118.34),
(7, 27, 11.07),
(8, 26, 85.42),
(8, 46, 81.37),
(9, 4, 146.9),
(9, 28, 197.51),
(9, 35, 37.42),
(9, 44, 66.13),
(10, 1, 22.39),
(10, 5, 87.83),
(10, 9, 129.83),
(10, 12, 202.01),
(10, 13, 41.1),
(10, 15, 10.8),
(10, 25, 175.02),
(11, 11, 244.17),
(11, 18, 44.0),
(11, 26, 34.37),
(12, 3, 31.56),
(12, 4, 27.61),
(12, 9, 233.65),
(12, 11, 186.6),
(13, 19, 153.18),
(13, 50, 195.53),
(14, 6, 214.55),
(14, 33, 167.64),
(14, 36, 36.19),
(15, 16, 19.19),
(15, 30, 82.46),
(15, 33, 80.77),
(16, 17, 55.04),
(16, 28, 153.52),
(17, 8, 76.91),
(17, 50, 37.05),
(18, 14, 169.19),
(19, 3, 225.24),
(19, 28, 22.14),
(19, 38, 140.37),
(20, 18, 247.43),
(20, 25, 150.99),
(21, 4, 45.34),
(21, 9, 169.56),
(21, 16, 41.15),
(22, 21, 103.59),
(22, 40, 188.62),
(22, 41, 146.04),
(22, 43, 216.7),
(23, 9, 15.25),
(23, 18, 15.8),
(23, 23, 183.49),
(23, 27, 119.42),
(23, 38, 102.85),
(24, 5, 179.82),
(24, 29, 170.53),
(25, 19, 108.64),
(25, 23, 79.77),
(25, 34, 66.6),
(25, 43, 135.13),
(26, 27, 51.65),
(27, 5, 244.61),
(27, 10, 51.52),
(27, 31, 57.37),
(27, 41, 63.62),
(28, 6, 213.58),
(28, 8, 99.37),
(28, 31, 199.47),
(28, 34, 43.57),
(28, 49, 48.77),
(29, 29, 34.65),
(30, 1, 242.4),
(30, 4, 188.25),
(30, 6, 38.9),
(30, 17, 188.02),
(30, 22, 235.11),
(30, 29, 39.34),
(30, 44, 181.26),
(30, 49, 183.83),
(30, 50, 35.81),
(31, 1, 79.45),
(31, 7, 17.39),
(31, 16, 229.78),
(31, 20, 233.28),
(31, 29, 224.82),
(31, 39, 82.74),
(31, 46, 109.78),
(32, 6, 25.99),
(32, 13, 67.41),
(32, 16, 146.84),
(32, 37, 120.8),
(32, 46, 82.1),
(33, 36, 61.38),
(34, 28, 241.27),
(34, 41, 46.93),
(34, 42, 83.95),
(35, 22, 27.88),
(35, 37, 249.04),
(35, 50, 22.84),
(36, 4, 61.09),
(36, 17, 128.83),
(36, 24, 44.85),
(36, 33, 154.2),
(36, 45, 141.45),
(37, 7, 19.85),
(37, 30, 40.0),
(37, 32, 101.93),
(37, 33, 102.92),
(37, 34, 6.92),
(38, 8, 181.34),
(38, 22, 157.67),
(38, 31, 236.98),
(38, 38, 143.48),
(38, 42, 96.49),
(39, 21, 211.5),
(39, 28, 151.12),
(39, 48, 226.19),
(40, 1, 223.7),
(40, 7, 98.72),
(40, 10, 138.67),
(40, 34, 118.81),
(40, 44, 163.77),
(41, 14, 20.74),
(41, 20, 154.86),
(41, 21, 63.48),
(41, 22, 54.88),
(41, 28, 5.41),
(41, 45, 99.07),
(42, 4, 169.97),
(42, 16, 45.03),
(42, 22, 201.15),
(42, 33, 109.55),
(42, 36, 167.16),
(42, 47, 69.53),
(43, 11, 166.42),
(43, 22, 196.68),
(43, 31, 115.27),
(43, 48, 169.3),
(44, 5, 7.28),
(44, 16, 45.75),
(44, 18, 193.31),
(44, 29, 155.1),
(45, 4, 61.12),
(45, 7, 195.71),
(101, 1, 163.91),
(101, 2, 164.51),
(101, 3, 277.12),
(101, 4, 240.56),
(101, 5, 271.07),
(101, 8, 23.43),
(101, 25, 69.97),
(101, 39, 84.42),
(102, 2, 39.19),
(102, 3, 31.45),
(102, 8, 232.63),
(102, 10, 48.92),
(103, 6, 25.14),
(103, 7, 32.08),
(103, 8, 43.18),
(103, 16, 246.06),
(103, 21, 103.29),
(103, 22, 22.36),
(103, 31, 59.5),
(103, 40, 25.09),
(103, 43, 60.84),
(104, 2, 17.37),
(104, 3, 22.23),
(104, 4, 148.12),
(104, 6, 16.55),
(104, 7, 19.09),
(105, 2, 20.0),
(105, 14, 228.72),
(105, 16, 95.53),
(105, 29, 202.97),
(105, 35, 57.22),
(105, 39, 21.65),
(105, 50, 73.39);




